UserID,Password,First_Name,Last_Name
sweta,23456,sweta1,kumari
sweta,23456,sweta1,kumari
sweta,23456,sweta1,kumari
dsad,dasafafs,fafs,dsad
sweta,23456,sweta1,kumari
eqweq,eqweqweqw,eqweqweq,weqwe
123456,weqweqeq,eqweq,eqweqeqwe
eqwe1231,weqweqwl12,wlqwelqwke,qweqweqeqek
prabhaks,23456,Prabhakar,Singh
sweta,23456,sweta1,kumari
sweta,23456,sweta1,kumari
skumari,12345,skumari,skumari
singhprabhakar3,23456,SIngh,Prabhakar
Brajesh,      ,br,l
sweta21,12345,sweta,sweta
swetakumari,12345,sweta,kumari
g,12345,t,h
sweta31,12345,kumari,sweta
test,123456,sweta,temp
test,123456,sweta,temp
singhprabhakar1,12345,prabhakar,singh
test,123456,sweta,temp
test,123456,sweta,temp
