USA,santa clara,New year's eve party,420 South 1st St. San Jose,Tortilla Soup Music Inc. presents....a New Year's Eve Party to Remember!!,Jan-7-2019,39
USA,santa clara,Whiskies of the World,40 North1st St. San Jose,Whiskies of the World San Jose,Jan-7-2019,41
USA,santa clara,5th Annual Jingle Bowl with 107.7 The Bone,Holiday Inn San Jose-Silicon Valley,The Bone presents the 5th annual Jingle Bowl!,Jan-7-2019,45
USA,santa clara,New year's eve party,420 South 1st St. San Jose,Tortilla Soup Music Inc. presents....a New Year's Eve Party to Remember!!,Jan-8-2019,70
USA,santa clara,Whiskies of the World,40 North1st St. San Jose,Whiskies of the World San Jose,Jan-8-2019,41
USA,santa clara,5th Annual Jingle Bowl with 107.7 The Bone,Holiday Inn San Jose-Silicon Valley,The Bone presents the 5th annual Jingle Bowl!,Jan-8-2019,45
USA,santa clara,Whiskies of the World,40 North1st St. San Jose,Whiskies of the World San Jose,Jan-9-2019,70
USA,San Francisco,THUNDERCAT live at 1015 FOLSOM,San Francisco CA,1015 Folsom,Jan-7-2019,39
USA,San Francisco,Wisdom 2.0 2019,Hilton San Francisco Union Square SFO-94102,by Wisdom 2.0 Productions,Jan-7-2019,41
USA,San Francisco,Safeway Holiday Ice Rink in Union Square,Union Square CA-94102,presented by Alaska Airlines 2019,Jan-7-2019,45
USA,San Francisco,THUNDERCAT live at 1015 FOLSOM,San Francisco CA,1015 Folsom,Jan-8-2019,70
USA,San Francisco,Wisdom 2.0 2019,Hilton San Francisco Union Square SFO-94102,by Wisdom 2.0 Productions,Jan-8-2019,41
USA,San Francisco,Safeway Holiday Ice Rink in Union Square,Union Square CA-94102,presented by Alaska Airlines 2019,Jan-8-2019,45
USA,santa clara,New year's eve party,420 South 1st St. San Jose,Tortilla Soup Music Inc. presents....a New Year's Eve Party to Remember!!,Jan-3-2019,39
USA,santa clara,Whiskies of the World,40 North1st St. San Jose,Whiskies of the World San Jose,Jan-3-2019,41
USA,santa clara,5th Annual Jingle Bowl with 107.7 The Bone,Holiday Inn San Jose-Silicon Valley,The Bone presents the 5th annual Jingle Bowl!,Jan-3-2019,45
USA,santa clara,New year's eve party,420 South 1st St. San Jose,Tortilla Soup Music Inc. presents....a New Year's Eve Party to Remember!!,Jan-4-2019,70
USA,santa clara,Whiskies of the World,40 North1st St. San Jose,Whiskies of the World San Jose,Jan-4-2019,41
USA,santa clara,5th Annual Jingle Bowl with 107.7 The Bone,Holiday Inn San Jose-Silicon Valley,The Bone presents the 5th annual Jingle Bowl!,Jan-4-2019,45
USA,santa clara,Whiskies of the World,40 North1st St. San Jose,Whiskies of the World San Jose,Jan-5-2019,70
USA,San Francisco,THUNDERCAT live at 1015 FOLSOM,San Francisco CA,1015 Folsom,Jan-3-2019,39
USA,San Francisco,Wisdom 2.0 2019,Hilton San Francisco Union Square SFO-94102,by Wisdom 2.0 Productions,Jan-3-2019,41
USA,San Francisco,Safeway Holiday Ice Rink in Union Square,Union Square CA-94102,presented by Alaska Airlines 2019,Jan-3-2019,45
USA,San Francisco,THUNDERCAT live at 1015 FOLSOM,San Francisco CA,1015 Folsom,Jan-4-2019,70
USA,San Francisco,Wisdom 2.0 2019,Hilton San Francisco Union Square SFO-94102,by Wisdom 2.0 Productions,Jan-4-2019,41
USA,San Francisco,Safeway Holiday Ice Rink in Union Square,Union Square CA-94102,presented by Alaska Airlines 2019,Jan-4-2019,45
