sweta,nCbOZ2,5th Annual Jingle Bowl with 107.7 The Bone,Holiday Inn San Jose-Silicon Valley,The Bone presents the 5th annual Jingle Bowl!,Jan-7-2019,45.0
user1,oRchrR,Whiskies of the World,40 North1st St. San Jose,Whiskies of the World San Jose,Jan-7-2019,41.0
user1,TtZIGD,Whiskies of the World,40 North1st St. San Jose,Whiskies of the World San Jose,Jan-7-2019,41.0
user1,UP5FS7,Whiskies of the World,40 North1st St. San Jose,Whiskies of the World San Jose,Jan-7-2019,41.0
user1,XQKTES,5th Annual Jingle Bowl with 107.7 The Bone,Holiday Inn San Jose-Silicon Valley,The Bone presents the 5th annual Jingle Bowl!,Jan-7-2019,45.0
user1,dHsw70,Whiskies of the World,40 North1st St. San Jose,Whiskies of the World San Jose,Jan-7-2019,41.0
user1,k25ZNM,New year's eve party,420 South 1st St. San Jose,Tortilla Soup Music Inc. presents....a New Year's Eve Party to Remember!!,Jan-7-2019,39.0
user1,47F2EP,New year's eve party,420 South 1st St. San Jose,Tortilla Soup Music Inc. presents....a New Year's Eve Party to Remember!!,Jan-7-2019,39.0
user1,QoDxtf,Whiskies of the World,40 North1st St. San Jose,Whiskies of the World San Jose,Jan-7-2019,41.0
user1,H2fp5J,Whiskies of the World,40 North1st St. San Jose,Whiskies of the World San Jose,Jan-7-2019,41.0
Brajesh,IDERSw,Whiskies of the World,40 North1st St. San Jose,Whiskies of the World San Jose,Jan-7-2019,41.0
test,x8IeMt,New year's eve party,420 South 1st St. San Jose,Tortilla Soup Music Inc. presents....a New Year's Eve Party to Remember!!,Jan-3-2019,39.0
