Qatar Airways,Q234,SFO,LHR,8:00 AM,9 hours,Jan-7-2019,1000
Singapore Airlines,S345,SFO,LHR,9:00 AM,10 hours,Jan-7-2019,1300
Emirates,E342,SFO,LHR,10:00 AM,11 hours,Jan-7-2019,1500
Cathay Pacific Airways,CP890,SFO,LHR,11:00 AM,12 hours,Jan-7-2019,1300
Lufthansa,L780,SFO,LHR,12:00 PM,13 hours,Jan-7-2019,1000
Qatar Airways,Q238,SFO,EWR,1:00 PM,14 hours,Jan-7-2019,390
Singapore Airlines,S349,SFO,EWR,2:00 PM,15 hours,Jan-7-2019,400
Emirates,E842,SFO,EWR,3:00 PM,16 hours,Jan-7-2019,550
Cathay Pacific Airways,CP090,SFO,EWR,4:00 PM,17 hours,Jan-7-2019,400
Lufthansa,L900,SFO,EWR,5:00 PM,18 hours,Jan-7-2019,800
Qatar Airways,Q239,SFO,LAX,6:00 PM,19 hours,Jan-7-2019,350
Singapore Airlines,S347,SFO,BOM,7:00 PM,20 hours,Jan-7-2019,1200
Emirates,E347,SFO,DEL,8:00 PM,21 hours,Jan-7-2019,1100
Cathay Pacific Airways,C900,LHR,SFO,9:00 PM,22 hours,Jan-7-2019,1200
Lufthansa,L900,EWR,SFO,10:00 PM,23 hours,Jan-7-2019,350
Qatar Airways,Q300,LAX,SFO,11:00 PM,24 hours,Jan-7-2019,350
Singapore Airlines,S333,BOM,SFO,12:00 AM,25 hours,Jan-7-2019,1400
Emirates,E340,DEL,SFO,1:00 AM,26 hours,Jan-7-2019,1600
Qatar Airways,Q234,SFO,LHR,8:00 AM,9 hours,Jan-8-2019,1000
Singapore Airlines,S345,SFO,LHR,9:00 AM,10 hours,Jan-8-2019,1300
Emirates,E342,SFO,LHR,10:00 AM,11 hours,Jan-8-2019,1500
Cathay Pacific Airways,CP890,SFO,LHR,11:00 AM,12 hours,Jan-8-2019,1300
Lufthansa,L780,SFO,LHR,12:00 PM,13 hours,Jan-8-2019,1000
Qatar Airways,Q238,SFO,EWR,1:00 PM,14 hours,Jan-8-2019,390
Singapore Airlines,S349,SFO,EWR,2:00 PM,15 hours,Jan-8-2019,400
Emirates,E842,SFO,EWR,3:00 PM,16 hours,Jan-8-2019,550
Cathay Pacific Airways,CP090,SFO,EWR,4:00 PM,17 hours,Jan-8-2019,400
Lufthansa,L900,SFO,EWR,5:00 PM,18 hours,Jan-8-2019,800
Qatar Airways,Q239,SFO,LAX,6:00 PM,19 hours,Jan-8-2019,350
Singapore Airlines,S347,SFO,BOM,7:00 PM,20 hours,Jan-8-2019,1200
Emirates,E347,SFO,DEL,8:00 PM,21 hours,Jan-8-2019,1100
Cathay Pacific Airways,C900,LHR,SFO,9:00 PM,22 hours,Jan-8-2019,1200
Lufthansa,L900,EWR,SFO,10:00 PM,23 hours,Jan-8-2019,350
Qatar Airways,Q300,LAX,SFO,11:00 PM,24 hours,Jan-8-2019,350
Singapore Airlines,S333,BOM,SFO,12:00 AM,25 hours,Jan-8-2019,1400
Emirates,E340,DEL,SFO,1:00 AM,26 hours,Jan-8-2019,1600
Qatar Airways,Q234,SFO,LHR,8:00 AM,9 hours,Jan-3-2019,1000
Singapore Airlines,S345,SFO,LHR,9:00 AM,10 hours,Jan-3-2019,1300
Emirates,E342,SFO,LHR,10:00 AM,11 hours,Jan-3-2019,1500
Cathay Pacific Airways,CP890,SFO,LHR,11:00 AM,12 hours,Jan-3-2019,1300
Lufthansa,L780,SFO,LHR,12:00 PM,13 hours,Jan-3-2019,1000
Qatar Airways,Q238,SFO,EWR,1:00 PM,14 hours,Jan-3-2019,390
Singapore Airlines,S349,SFO,EWR,2:00 PM,15 hours,Jan-3-2019,400
Emirates,E842,SFO,EWR,3:00 PM,16 hours,Jan-3-2019,550
Cathay Pacific Airways,CP090,SFO,EWR,4:00 PM,17 hours,Jan-3-2019,400
Lufthansa,L900,SFO,EWR,5:00 PM,18 hours,Jan-3-2019,800
Qatar Airways,Q239,SFO,LAX,6:00 PM,19 hours,Jan-3-2019,350
Singapore Airlines,S347,SFO,BOM,7:00 PM,20 hours,Jan-3-2019,1200
Emirates,E347,SFO,DEL,8:00 PM,21 hours,Jan-3-2019,1100
Cathay Pacific Airways,C900,LHR,SFO,9:00 PM,22 hours,Jan-3-2019,1200
Lufthansa,L900,EWR,SFO,10:00 PM,23 hours,Jan-3-2019,350
Qatar Airways,Q300,LAX,SFO,11:00 PM,24 hours,Jan-3-2019,350
Singapore Airlines,S333,BOM,SFO,12:00 AM,25 hours,Jan-3-2019,1400
Emirates,E340,DEL,SFO,1:00 AM,26 hours,Jan-3-2019,1600
Qatar Airways,Q234,SFO,LHR,8:00 AM,9 hours,Jan-4-2019,1000
Singapore Airlines,S345,SFO,LHR,9:00 AM,10 hours,Jan-4-2019,1300
Emirates,E342,SFO,LHR,10:00 AM,11 hours,Jan-4-2019,1500
Cathay Pacific Airways,CP890,SFO,LHR,11:00 AM,12 hours,Jan-4-2019,1300
Lufthansa,L780,SFO,LHR,12:00 PM,13 hours,Jan-4-2019,1000
Qatar Airways,Q238,SFO,EWR,1:00 PM,14 hours,Jan-4-2019,390
Singapore Airlines,S349,SFO,EWR,2:00 PM,15 hours,Jan-4-2019,400
Emirates,E842,SFO,EWR,3:00 PM,16 hours,Jan-4-2019,550
Cathay Pacific Airways,CP090,SFO,EWR,4:00 PM,17 hours,Jan-4-2019,400
Lufthansa,L900,SFO,EWR,5:00 PM,18 hours,Jan-4-2019,800
Qatar Airways,Q239,SFO,LAX,6:00 PM,19 hours,Jan-4-2019,350
Singapore Airlines,S347,SFO,BOM,7:00 PM,20 hours,Jan-4-2019,1200
Emirates,E347,SFO,DEL,8:00 PM,21 hours,Jan-4-2019,1100
Cathay Pacific Airways,C900,LHR,SFO,9:00 PM,22 hours,Jan-4-2019,1200
Lufthansa,L900,EWR,SFO,10:00 PM,23 hours,Jan-4-2019,350
Qatar Airways,Q300,LAX,SFO,11:00 PM,24 hours,Jan-4-2019,350
Singapore Airlines,S333,BOM,SFO,12:00 AM,25 hours,Jan-4-2019,1400
Emirates,E340,DEL,SFO,1:00 AM,26 hours,Jan-4-2019,1600
