sweta,vlM9BN,Lufthansa,L780,SFO,LHR,12:00 PM,13 hours,Jan-7-2019,1000.0
sweta,OTuTvk,Lufthansa,L780,SFO,LHR,12:00 PM,13 hours,Jan-7-2019,1000.0
skumari,4booeJ,Cathay Pacific Airways,CP890,SFO,LHR,11:00 AM,12 hours,Jan-7-2019,1300.0
user1,gihFrm,Lufthansa,L780,SFO,LHR,12:00 PM,13 hours,Jan-7-2019,1000.0
user1,ivn1fV,Lufthansa,L780,SFO,LHR,12:00 PM,13 hours,Jan-7-2019,1000.0
Brajesh,AFXuc6,Emirates,E342,SFO,LHR,10:00 AM,11 hours,Jan-7-2019,1500.0
Brajesh,pkxPyj,Emirates,E342,SFO,LHR,10:00 AM,11 hours,Jan-7-2019,1500.0
Brajesh,oybM7q,Emirates,E342,SFO,LHR,10:00 AM,11 hours,Jan-7-2019,1500.0
Brajesh,NECW2Z,Emirates,E342,SFO,LHR,10:00 AM,11 hours,Jan-7-2019,1500.0
Brajesh,qjcLQV,Emirates,E342,SFO,LHR,10:00 AM,11 hours,Jan-7-2019,1500.0
Brajesh,G1SPjR,Emirates,E342,SFO,LHR,10:00 AM,11 hours,Jan-7-2019,1500.0
Brajesh,SAKWPj,Emirates,E342,SFO,LHR,10:00 AM,11 hours,Jan-7-2019,1500.0
Brajesh,C9zBbE,Emirates,E342,SFO,LHR,10:00 AM,11 hours,Jan-7-2019,1500.0
Brajesh,ly1MpB,Emirates,E342,SFO,LHR,10:00 AM,11 hours,Jan-7-2019,1500.0
Brajesh,LboPmK,Emirates,E342,SFO,LHR,10:00 AM,11 hours,Jan-7-2019,1500.0
Brajesh,gDifyN,Emirates,E342,SFO,LHR,10:00 AM,11 hours,Jan-7-2019,1500.0
Brajesh,Tod1Tn,Emirates,E342,SFO,LHR,10:00 AM,11 hours,Jan-7-2019,1500.0
Brajesh,UiIfah,Emirates,E342,SFO,LHR,10:00 AM,11 hours,Jan-7-2019,1500.0
Brajesh,vEAVpd,Emirates,E342,SFO,LHR,10:00 AM,11 hours,Jan-7-2019,1500.0
Brajesh,ARjAAC,Lufthansa,L780,SFO,LHR,12:00 PM,13 hours,Jan-7-2019,1000.0
Brajesh,sQIUwF,Singapore Airlines,S345,SFO,LHR,9:00 AM,10 hours,Jan-7-2019,1300.0
swetakumari,SIiTvu,Lufthansa,L780,SFO,LHR,12:00 PM,13 hours,Jan-7-2019,1000.0
test1,gPhSoq,Qatar Airways,Q98,EWR,SFO,11:30 PM,24 hours,Jan-3-2019,1400.0
test1,S7dv9T,Emirates,E390,EWR,SFO,1:30 AM,19 hours,Jan-3-2019,1200.0
test1,5JclHz,Emirates,E390,EWR,SFO,1:30 AM,19 hours,Jan-3-2019,1200.0
test1,YZuRfv,Singapore Airlines,S345,SFO,LHR,9:00 AM,10 hours,Jan-4-2019,1300.0
swetakumari,N3vgRZ,Lufthansa,L780,SFO,LHR,12:00 PM,13 hours,Jan-7-2019,1000.0
swetakumari,JYZt0b,Singapore Airlines,S345,SFO,LHR,9:00 AM,10 hours,Jan-7-2019,1300.0
swetakumari,JC6SSe,Singapore Airlines,S345,SFO,LHR,9:00 AM,10 hours,Jan-7-2019,1300.0
swetakumari,BEFmDb,Lufthansa,L780,SFO,LHR,12:00 PM,13 hours,Jan-7-2019,1000.0
swetakumari,jozanF,Lufthansa,L780,SFO,LHR,12:00 PM,13 hours,Jan-7-2019,1000.0
swetakumari,NHJHL5,Qatar Airways,Q234,SFO,LHR,8:00 AM,9 hours,Jan-7-2019,1000.0
swetakumari,cZivVJ,Qatar Airways,Q234,SFO,LHR,8:00 AM,9 hours,Jan-7-2019,1000.0
swetakumari,LjEJlW,Emirates,E342,SFO,LHR,10:00 AM,11 hours,Jan-8-2019,1500.0
swetakumari,u0wZFN,Singapore Airlines,S345,SFO,LHR,9:00 AM,10 hours,Jan-7-2019,1300.0
