UserID,BookingId,hotelName,RoomType,CheckInTime,CheckOutTime,CheckInDate,CheckOutDate,Cost
user1,gcw01V,Candlewood Suites - Santa Clara,Super Delux,12:00 PM,11:00 AM,Jan-7-2019,Jan-9-2019,600.0
user1,TazEzm,Candlewood Suites - Santa Clara,Super Delux,12:00 PM,11:00 AM,Jan-7-2019,Jan-12-2019,1500.0
sweta,8LLU5j,SureStay Plus by Best Western Santa Clara Silicon Valley,Delux,12:00 PM,11:00 AM,Jan-7-2019,Jan-8-2019,240.0
user1,Scfl3q,SureStay Plus by Best Western Santa Clara Silicon Valley,Delux,12:00 PM,11:00 AM,Jan-7-2019,Jan-9-2019,480.0
user1,AyrU6p,Santa Clara Marriott,Delux,12:00 PM,11:00 AM,Jan-7-2019,Dec-21-2018,350.0
user1,Q8VVL3,Santa Clara Marriott,Delux,12:00 PM,11:00 AM,Jan-7-2019,Jan-8-2019,350.0
user1,IivhSO,Santa Clara Marriott,Delux,12:00 PM,11:00 AM,Jan-7-2019,Dec-21-2018,350.0
user1,VFLqvt,Avatar Hotel,Delux,12:00 PM,11:00 AM,Jan-7-2019,Jan-8-2019,300.0
user1,7aydah,Avatar Hotel,Delux,12:00 PM,11:00 AM,Jan-7-2019,Jan-8-2019,300.0
user1,vjq5rv,The Plaza Suites Silicon Valley,Delux,12:00 PM,11:00 AM,Jan-7-2019,Jan-8-2019,150.0
user1,HEcgQs,Santa Clara Marriott,Delux,12:00 PM,11:00 AM,Jan-7-2019,Jan-8-2019,350.0
user1,LFx7kU,Avatar Hotel,Delux,12:00 PM,11:00 AM,Jan-7-2019,Jan-8-2019,300.0
user1,6FlHcK,Holiday Inn Express Hotel & Suites,Delux,12:00 PM,11:00 AM,Jan-7-2019,Jan-8-2019,200.0
test1,WORPRv,Avatar Hotel,Delux,12:00 PM,11:00 AM,Jan-3-2019,Jan-3-2019,300.0
test1,URDsjs,Holiday Inn Express Hotel & Suites,Delux,12:00 PM,11:00 AM,Jan-3-2019,Jan-3-2019,200.0
test1,H9XuVB,SureStay Plus by Best Western Santa Clara Silicon Valley,Delux,12:00 PM,11:00 AM,Jan-3-2019,Jan-3-2019,240.0
test1,rkqX8r,SureStay Plus by Best Western Santa Clara Silicon Valley,Delux,12:00 PM,11:00 AM,Jan-3-2019,Jan-5-2019,480.0
test1,c6hrtG,SureStay Plus by Best Western Santa Clara Silicon Valley,Delux,12:00 PM,11:00 AM,Jan-3-2019,Jan-5-2019,480.0
test1,bwsXrl,SureStay Plus by Best Western Santa Clara Silicon Valley,Delux,12:00 PM,11:00 AM,Jan-3-2019,Jan-4-2019,480.0
swetakumari,HPdGsq,Santa Clara Marriott,Delux,12:00 PM,11:00 AM,Jan-7-2019,Jan-7-2019,350.0
swetakumari,QkaCaz,SureStay Plus by Best Western Santa Clara Silicon Valley,Delux,12:00 PM,11:00 AM,Jan-7-2019,Jan-8-2019,240.0
test2,3Kcdmi,The Plaza Suites Silicon Valley,Delux,12:00 PM,11:00 AM,Jan-3-2019,Jan-3-2019,300.0
test,DXvfGq,Hotel Nikko San Francisco,Delux,12:00 PM,11:00 AM,Jan-3-2019,Jan-4-2019,640.0
