Holiday Inn Express Hotel & Suites,This is test hotel,USA,santa clara,12:00 PM,11:00 AM,Jan-3-2019#Jan-4-2019#Jan-5-2019#Jan-6-2019#Jan-7-2019#Jan-8-2019#Jan-9-2019#Jan-10-2019#Jan-11-2019#Jan-12-2019#Jan-13-2019,200,Delux,Breakfast Included
HYATT House Santa Clara,Best Hotel in Town,USA,santa clara,12:00 PM,11:00 AM,Jan-3-2019#Jan-4-2019#Jan-5-2019#Jan-6-2019#Jan-7-2019#Jan-8-2019#Jan-9-2019#Jan-10-2019#Jan-11-2019#Jan-12-2019#Jan-13-2019,210,Delux,Breakfast Included
Avatar Hotel,We are number one,USA,santa clara,12:00 PM,11:00 AM,Jan-3-2019#Jan-4-2019#Jan-5-2019#Jan-6-2019#Jan-7-2019#Jan-8-2019#Jan-9-2019#Jan-10-2019#Jan-11-2019#Jan-12-2019#Jan-13-2019,300,Delux,Breakfast Included
SureStay Plus by Best Western Santa Clara Silicon Valley,This is test hotel,USA,santa clara,12:00 PM,11:00 AM,Jan-3-2019#Jan-4-2019#Jan-5-2019#Jan-6-2019#Jan-7-2019#Jan-8-2019#Jan-9-2019#Jan-10-2019#Jan-11-2019#Jan-12-2019#Jan-13-2019,240,Delux,Breakfast Included
The Plaza Suites Silicon Valley,Best Hotel in Town,USA,santa clara,12:00 PM,11:00 AM,Jan-3-2019#Jan-4-2019#Jan-5-2019#Jan-6-2019#Jan-7-2019#Jan-8-2019#Jan-9-2019#Jan-10-2019#Jan-11-2019#Jan-12-2019#Jan-13-2019,150,Delux,Breakfast Included
Santa Clara Marriott,We are number one,USA,santa clara,12:00 PM,11:00 AM,Jan-3-2019#Jan-4-2019#Jan-5-2019#Jan-6-2019#Jan-7-2019#Jan-8-2019#Jan-9-2019#Jan-10-2019#Jan-11-2019#Jan-12-2019#Jan-13-2019,350,Delux,Breakfast Included
Candlewood Suites - Santa Clara,This is test hotel,USA,santa clara,12:00 PM,11:00 AM,Jan-3-2019#Jan-4-2019#Jan-5-2019#Jan-6-2019#Jan-7-2019#Jan-8-2019#Jan-9-2019#Jan-10-2019#Jan-11-2019#Jan-12-2019#Jan-13-2019,300,Super Delux,Breakfast Included
Omni San Francisco Hotel,Best Hotel in Town,USA,San Francisco,12:00 PM,11:00 AM,Jan-3-2019#Jan-4-2019#Jan-5-2019#Jan-6-2019#Jan-7-2019#Jan-8-2019#Jan-9-2019#Jan-10-2019#Jan-11-2019#Jan-12-2019#Jan-13-2019,450,Delux,Breakfast Included
Fairmont San Francisco,We are number one,USA,San Francisco,12:00 PM,11:00 AM,Jan-3-2019#Jan-4-2019#Jan-5-2019#Jan-6-2019#Jan-7-2019#Jan-8-2019#Jan-9-2019#Jan-10-2019#Jan-11-2019#Jan-12-2019#Jan-13-2019,520,Delux,Breakfast Included
Hotel Nikko San Francisco,This is test hotel,USA,San Francisco,12:00 PM,11:00 AM,Jan-3-2019#Jan-4-2019#Jan-5-2019#Jan-6-2019#Jan-7-2019#Jan-8-2019#Jan-9-2019#Jan-10-2019#Jan-11-2019#Jan-12-2019#Jan-13-2019,320,Delux,Breakfast Included
Hotel Zoe Fisherman's Wharf,Best Hotel in Town,USA,San Francisco,12:00 PM,11:00 AM,Jan-3-2019#Jan-4-2019#Jan-5-2019#Jan-6-2019#Jan-7-2019#Jan-8-2019#Jan-9-2019#Jan-10-2019#Jan-11-2019#Jan-12-2019#Jan-13-2019,220,Delux,Breakfast Included
Club Quarters Hotel in San Francisco,We are number one,USA,San Francisco,12:00 PM,11:00 AM,Jan-3-2019#Jan-4-2019#Jan-5-2019#Jan-6-2019#Jan-7-2019#Jan-8-2019#Jan-9-2019#Jan-10-2019#Jan-11-2019#Jan-12-2019#Jan-13-2019,210,Delux,Breakfast Included
San Francisco Marriott Marquis,This is test hotel,USA,San Francisco,12:00 PM,11:00 AM,Jan-3-2019#Jan-4-2019#Jan-5-2019#Jan-6-2019#Jan-7-2019#Jan-8-2019#Jan-9-2019#Jan-10-2019#Jan-11-2019#Jan-12-2019#Jan-13-2019,210,Delux,Breakfast Included
Argonaut Hotel,Best Hotel in Town,USA,San Francisco,12:00 PM,11:00 AM,Jan-3-2019#Jan-4-2019#Jan-5-2019#Jan-6-2019#Jan-7-2019#Jan-8-2019#Jan-9-2019#Jan-10-2019#Jan-11-2019#Jan-12-2019#Jan-13-2019,400,Delux,Breakfast Included
