UserID,BookingId,ServiceProvider,CarType,CarPickUpDate,CarDropOffDate,Cost
sweta,GRJD6T,Enterprise Rent-A-Car,Intermediate,Jan-7-2019,Jan-8-2019,41.0
user1,G1n3NJ,Hertz Rent-A-Car,Full Size,Jan-7-2019,Jan-10-2019,135.0
user1,smaQ4n,Hertz Rent-A-Car,Full Size,Jan-7-2019,Dec-21-2018,135.0
user1,gWwkAa,Hertz Rent-A-Car,Full Size,Jan-7-2019,Jan-9-2019,90.0
user1,NXPKI9,Hertz Rent-A-Car,Full Size,Jan-7-2019,Jan-9-2019,90.0
user1,V7fysm,Enterprise Rent-A-Car,Full Size,Jan-7-2019,Jan-9-2019,90.0
Brajesh,gsJd2J,Enterprise Rent-A-Car,Premium,Jan-7-2019,Jan-8-2019,70.0
Brajesh,Cj2ynY,Enterprise Rent-A-Car,Premium,Jan-7-2019,Dec-28-2019,70.0
Brajesh,9qrSLO,Hertz Rent-A-Car,Intermediate,Jan-7-2019,Jan-8-2019,41.0
Brajesh,1ZB9Ms,Hertz Rent-A-Car,Intermediate,Jan-7-2019,Dec-28-2019,41.0
Brajesh,INa8m0,Hertz Rent-A-Car,Intermediate,Jan-7-2019,Dec-28-2019,41.0
swetakumari,n0rwvH,Enterprise Rent-A-Car,Full Size,Jan-7-2019,Jan-8-2019,45.0
test1,SeAE05,Hertz Rent-A-Car,Intermediate,Jan-3-2019,Jan-7-2019,164.0
test1,YrRJZB,Hertz Rent-A-Car,Intermediate,Jan-3-2019,Jan-9-2019,164.0
swetakumari,RmIFGz,Enterprise Rent-A-Car,Intermediate,Jan-7-2019,Jan-8-2019,41.0
swetakumari,ScISHm,Enterprise Rent-A-Car,Intermediate,Jan-7-2019,Jan-8-2019,41.0
swetakumari,dFGBez,Enterprise Rent-A-Car,Economy,Jan-7-2019,Jan-9-2019,78.0
test2,k17Rqe,Hertz Rent-A-Car,Full Size,Jan-3-2019,Jan-3-2019,45.0
test2,qglNxY,Enterprise Rent-A-Car,Full Size,Jan-3-2019,Jan-3-2019,45.0
test,0aKx9Q,Enterprise Rent-A-Car,Full Size,Jan-3-2019,Jan-4-2019,45.0
