USA,santa clara,Enterprise Rent-A-Car,Economy,Mitsubishi Mirage or similar - capacity 0f 4,Pick the car from our any office,Jan-3-2019#Jan-4-2019#Jan-5-2019#Jan-6-2019#Jan-14-2019#Jan-7-2019#Jan-8-2019#Jan-9-2019#Jan-10-2019#Jan-11-2019#Jan-12-2019#Jan-13-2019,39
USA,santa clara,Enterprise Rent-A-Car,Intermediate,Hyundai Elantra or similar - capacity 0f 5,Pick the car from our any office,Jan-7-2019#Jan-8-2019#Jan-9-2019#Jan-10-2019#Jan-11-2019#Jan-12-2019#Jan-13-2019,41
USA,santa clara,Enterprise Rent-A-Car,Full Size,Toyota Camry or similar - capacity 0f 5,Pick the car from our any office,Jan-3-2019#Jan-4-2019#Jan-5-2019#Jan-6-2019#Jan-14-2019#Jan-7-2019#Jan-8-2019#Jan-9-2019#Jan-10-2019#Jan-11-2019#Jan-12-2019#Jan-13-2019,45
USA,santa clara,Enterprise Rent-A-Car,Premium,Nissan Maxima or similar - and capacity 0f 5,Pick the car from our any office,Jan-7-2019#Jan-8-2019#Jan-9-2019#Jan-10-2019#Jan-11-2019#Jan-12-2019#Jan-13-2019,70
USA,santa clara,Hertz Rent-A-Car,Intermediate,Hyundai Elantra or similar - capacity 0f 5,Pick the car from our any office,Jan-3-2019#Jan-4-2019#Jan-5-2019#Jan-6-2019#Jan-14-2019#Jan-7-2019#Jan-8-2019#Jan-9-2019#Jan-10-2019#Jan-11-2019#Jan-12-2019#Jan-13-2019,41
USA,santa clara,Hertz Rent-A-Car,Full Size,Toyota Camry or similar - capacity 0f 5,Pick the car from our any office,Jan-3-2019#Jan-4-2019#Jan-5-2019#Jan-6-2019#Jan-14-2019#Jan-7-2019#Jan-8-2019#Jan-9-2019#Jan-10-2019#Jan-11-2019#Jan-12-2019#Jan-13-2019,45
USA,santa clara,Hertz Rent-A-Car,Premium,Nissan Maxima or similar - and capacity 0f 5,Pick the car from our any office,Jan-7-2019#Jan-8-2019#Jan-9-2019#Jan-10-2019#Jan-11-2019#Jan-12-2019#Jan-13-2019,70
USA,San Francisco,Enterprise Rent-A-Car,Economy,Mitsubishi Mirage or similar - capacity 0f 4,Pick the car from our any office,Jan-7-2019#Jan-8-2019#Jan-9-2019#Jan-10-2019#Jan-11-2019#Jan-12-2019#Jan-13-2019,39
USA,San Francisco,Enterprise Rent-A-Car,Intermediate,Hyundai Elantra or similar - capacity 0f 5,Pick the car from our any office,Jan-3-2019#Jan-4-2019#Jan-5-2019#Jan-6-2019#Jan-14-2019#Jan-7-2019#Jan-8-2019#Jan-9-2019#Jan-10-2019#Jan-11-2019#Jan-12-2019#Jan-13-2019,41
USA,San Francisco,Enterprise Rent-A-Car,Full Size,Toyota Camry or similar - capacity 0f 5,Pick the car from our any office,Jan-3-2019#Jan-4-2019#Jan-5-2019#Jan-6-2019#Jan-14-2019#Jan-7-2019#Jan-8-2019#Jan-9-2019#Jan-10-2019#Jan-11-2019#Jan-12-2019#Jan-13-2019,45
USA,San Francisco,Enterprise Rent-A-Car,Premium,Nissan Maxima or similar - and capacity 0f 5,Pick the car from our any office,Jan-7-2019#Jan-8-2019#Jan-9-2019#Jan-10-2019#Jan-11-2019#Jan-12-2019#Jan-13-2019,70
USA,San Francisco,Hertz Rent-A-Car,Intermediate,Hyundai Elantra or similar - capacity 0f 5,Pick the car from our any office,Jan-3-2019#Jan-4-2019#Jan-5-2019#Jan-6-2019#Jan-14-2019#Jan-7-2019#Jan-8-2019#Jan-9-2019#Jan-10-2019#Jan-11-2019#Jan-12-2019#Jan-13-2019,41
USA,San Francisco,Hertz Rent-A-Car,Full Size,Toyota Camry or similar - capacity 0f 5,Pick the car from our any office,Jan-3-2019#Jan-4-2019#Jan-5-2019#Jan-6-2019#Jan-14-2019#Jan-7-2019#Jan-8-2019#Jan-9-2019#Jan-10-2019#Jan-11-2019#Jan-12-2019#Jan-13-2019,45
USA,San Francisco,Hertz Rent-A-Car,Premium,Nissan Maxima or similar - and capacity 0f 5,Pick the car from our any office,Jan-7-2019#Jan-8-2019#Jan-9-2019#Jan-10-2019#Jan-11-2019#Jan-12-2019#Jan-13-2019,70
